{
  "model": "distilbert-multi",
  "hf_id": "distilbert-base-multilingual-cased",
  "rank": 0,
  "placement": "gpu",
  "device_used": "cuda",
  "rows_train": 74976,
  "rows_val": 9372,
  "rows_test": 9373,
  "val": {
    "eval_loss": 0.3889320492744446,
    "eval_accuracy": 0.8762270593256509,
    "eval_macro_precision": 0.43751850342473264,
    "eval_macro_recall": 0.4505258509517285,
    "eval_macro_f1": 0.4439016154021024,
    "eval_weighted_f1": 0.8638182590629272,
    "eval_runtime": 10.6551,
    "eval_samples_per_second": 879.582,
    "eval_steps_per_second": 27.499,
    "epoch": 3.0
  },
  "test": {
    "eval_loss": 0.3759711980819702,
    "eval_accuracy": 0.8807212205270458,
    "eval_macro_precision": 0.4397304957084792,
    "eval_macro_recall": 0.4529029144085511,
    "eval_macro_f1": 0.4461726820546607,
    "eval_weighted_f1": 0.8682938648251539,
    "eval_runtime": 10.7854,
    "eval_samples_per_second": 869.042,
    "eval_steps_per_second": 27.166,
    "epoch": 3.0
  },
  "training_runtime_s": 1600.1509393999586,
  "samples_per_sec": 140.673,
  "peak_vram_mb": 1961,
  "cpu_before": {
    "cpu_pct": 25.0,
    "ram_used_mb": 14046,
    "ram_total_mb": 15676,
    "n_cpus": 16
  },
  "cpu_after": {
    "cpu_pct": 10.2,
    "ram_used_mb": 14042,
    "ram_total_mb": 15676,
    "n_cpus": 16
  },
  "gpu_before": {
    "available": true,
    "name": "NVIDIA GeForce RTX 5060 Laptop GPU",
    "total_mb": 8151,
    "used_mb": 4026,
    "free_mb": 4124,
    "gpu_util_pct": 8,
    "mem_util_pct": 2
  },
  "gpu_after": {
    "available": true,
    "name": "NVIDIA GeForce RTX 5060 Laptop GPU",
    "total_mb": 8151,
    "used_mb": 2824,
    "free_mb": 5326,
    "gpu_util_pct": 7,
    "mem_util_pct": 0
  },
  "confusion_matrix": [
    [
      4457,
      431,
      0,
      0
    ],
    [
      423,
      3798,
      0,
      0
    ],
    [
      9,
      143,
      0,
      0
    ],
    [
      45,
      67,
      0,
      0
    ]
  ],
  "classification_report": {
    "0": {
      "precision": 0.9033238751520065,
      "recall": 0.9118248772504092,
      "f1-score": 0.9075544695581348,
      "support": 4888.0
    },
    "1": {
      "precision": 0.8555981076819104,
      "recall": 0.8997867803837953,
      "f1-score": 0.877136258660508,
      "support": 4221.0
    },
    "2": {
      "precision": 0.0,
      "recall": 0.0,
      "f1-score": 0.0,
      "support": 152.0
    },
    "3": {
      "precision": 0.0,
      "recall": 0.0,
      "f1-score": 0.0,
      "support": 112.0
    },
    "accuracy": 0.8807212205270458,
    "macro avg": {
      "precision": 0.4397304957084792,
      "recall": 0.4529029144085511,
      "f1-score": 0.4461726820546607,
      "support": 9373.0
    },
    "weighted avg": {
      "precision": 0.8563882123405901,
      "recall": 0.8807212205270458,
      "f1-score": 0.8682938648251539,
      "support": 9373.0
    }
  },
  "checkpoint_dir": "D:\\Assignments & Projects\\NLP\\Project\\FastUrduGuard\\results\\rank_0\\checkpoints\\distilbert-multi"
}