{
  "start": 1777809584.9215357,
  "models": {
    "distilbert-multi": {
      "elapsed_s": 2316.952591099951,
      "device_used": "cpu"
    }
  },
  "end": 1777811901.883374,
  "wall_s": 2316.961838245392
}